epoch,fold,train_loss,val_loss,train_accuracy,train_balanced_accuracy,train_precision,train_recall,train_sensitivity,train_f1_score,train_cohen_kappa,train_specificity,train_npv,train_ppv,train_mcc,train_auroc,train_auc_pr,train_avg_loss,train_n_samples,train_n_positive,train_n_negative,train_class_ratio,val_accuracy,val_balanced_accuracy,val_precision,val_recall,val_sensitivity,val_f1_score,val_cohen_kappa,val_specificity,val_npv,val_ppv,val_mcc,val_auroc,val_auc_pr,val_avg_loss,val_n_samples,val_n_positive,val_n_negative,val_class_ratio
1,1,0.09590833675306774,0.10937395776833607,0.7209876543209877,0.7211993366824367,0.6877637130801688,0.806930693069307,0.806930693069307,0.7425968109339408,0.44220995283191344,0.6354679802955665,0.7678571428571429,0.6877637130801688,0.4489610921049115,0.8210018046139591,0.8173108680529797,0.09590833675306774,405,202,203,0.49876543209876545,0.7843137254901961,0.7306818181818182,0.5,0.6363636363636364,0.6363636363636364,0.56,0.41985522233712513,0.825,0.8918918918918919,0.5,0.4252113219384784,0.7789772727272728,0.5313505072752526,0.10937395776833607,102,22,80,0.21568627450980393
2,1,0.060119530054145706,0.15072606485207607,0.8518518518518519,0.8442420152946468,0.8565573770491803,0.8931623931623932,0.8931623931623932,0.8744769874476988,0.6939469508048062,0.7953216374269005,0.84472049689441,0.8565573770491803,0.6948515073134501,0.9171290048483032,0.9335375884785618,0.060119530054145706,405,234,171,0.5777777777777777,0.6666666666666666,0.7215909090909092,0.375,0.8181818181818182,0.8181818181818182,0.5142857142857142,0.31026252983293556,0.625,0.9259259259259259,0.375,0.3651915921675895,0.7630681818181818,0.49827279883168135,0.15072606485207607,102,22,80,0.21568627450980393
3,1,0.06335074526288079,0.1194335694067566,0.8296296296296296,0.8276556776556776,0.8078602620087336,0.8809523809523809,0.8809523809523809,0.8428246013667426,0.6575997059364087,0.7743589743589744,0.8579545454545454,0.8078602620087336,0.6605422044541367,0.9211477411477411,0.9116215780363734,0.06335074526288079,405,210,195,0.5185185185185185,0.6862745098039216,0.6846590909090908,0.375,0.6818181818181818,0.6818181818181818,0.4838709677419355,0.28483786152497803,0.6875,0.8870967741935484,0.375,0.3111223298086652,0.7375,0.46153080346009673,0.1194335694067566,102,22,80,0.21568627450980393
4,1,0.05340183065478876,0.1382371380716426,0.8641975308641975,0.8606569450581824,0.853448275862069,0.9041095890410958,0.9041095890410958,0.8780487804878049,0.7251323436863732,0.8172043010752689,0.8786127167630058,0.853448275862069,0.7266675735113272,0.934600088378259,0.9272606784272797,0.05340183065478875,405,219,186,0.5407407407407407,0.6764705882352942,0.678409090909091,0.36585365853658536,0.6818181818181818,0.6818181818181818,0.47619047619047616,0.27174383383816525,0.675,0.8852459016393442,0.36585365853658536,0.2993273935297609,0.7630681818181818,0.5028802487389883,0.1382371380716426,102,22,80,0.21568627450980393
5,1,0.03870894157824181,0.1851951852565032,0.8864197530864197,0.8832387336693253,0.8589743589743589,0.9392523364485982,0.9392523364485982,0.8973214285714286,0.770814880425155,0.8272251308900523,0.9239766081871345,0.8589743589743589,0.7746704295119884,0.9589470078778686,0.9581011012083088,0.03870894157824181,405,214,191,0.528395061728395,0.7647058823529411,0.6357954545454546,0.45,0.4090909090909091,0.4090909090909091,0.42857142857142855,0.28084606345475915,0.8625,0.8414634146341463,0.45,0.2813517615854366,0.7272727272727273,0.48846264795864325,0.1851951852565032,102,22,80,0.21568627450980393
6,1,0.028908716853689793,0.21359608097259283,0.9160493827160494,0.9162558570870754,0.9054726368159204,0.9238578680203046,0.9238578680203046,0.914572864321608,0.8320649787794526,0.9086538461538461,0.9264705882352942,0.9054726368159204,0.8322274210712827,0.9736187036313939,0.9681885381096826,0.028908716853689793,405,197,208,0.48641975308641977,0.7843137254901961,0.7142045454545455,0.5,0.5909090909090909,0.5909090909090909,0.5416666666666666,0.4019189765458422,0.8375,0.881578947368421,0.5,0.40431657145379674,0.7738636363636364,0.521916454745448,0.21359608097259283,102,22,80,0.21568627450980393
7,1,0.018198489719101978,0.2916149608767306,0.9432098765432099,0.9429878048780488,0.9292452830188679,0.9609756097560975,0.9609756097560975,0.9448441247002398,0.886353931556152,0.925,0.9585492227979274,0.9292452830188679,0.8868845914938135,0.9886829268292683,0.988294966187365,0.018198489719101978,405,205,200,0.5061728395061729,0.8137254901960784,0.7329545454545454,0.5652173913043478,0.5909090909090909,0.5909090909090909,0.5777777777777777,0.45835662381218556,0.875,0.8860759493670886,0.5652173913043478,0.45854298608260885,0.76875,0.5238410246735169,0.29161496087673067,102,22,80,0.21568627450980393
8,1,0.021081907505524394,0.2539769353075324,0.9481481481481482,0.9481097560975609,0.9466019417475728,0.9512195121951219,0.9512195121951219,0.948905109489051,0.8962741630587231,0.945,0.949748743718593,0.9466019417475728,0.8962850964309572,0.9884878048780488,0.9877249178028681,0.021081907505524404,405,205,200,0.5061728395061729,0.7941176470588235,0.7039772727272727,0.5217391304347826,0.5454545454545454,0.5454545454545454,0.5333333333333333,0.40134153158188934,0.8625,0.8734177215189873,0.5217391304347826,0.40150471220404044,0.7670454545454545,0.5463655081956651,0.2539769353075324,102,22,80,0.21568627450980393
9,1,0.020113799584466716,0.2935039548506476,0.9728395061728395,0.9726109507266233,0.9736842105263158,0.9685863874345549,0.9685863874345549,0.9711286089238845,0.9454879167941267,0.9766355140186916,0.9720930232558139,0.9736842105263158,0.9454995268463842,0.9930762832118216,0.9935619930717933,0.020113799584466716,405,191,214,0.47160493827160493,0.803921568627451,0.7267045454545455,0.5416666666666666,0.5909090909090909,0.5909090909090909,0.5652173913043478,0.4389438943894389,0.8625,0.8846153846153846,0.5416666666666666,0.43963639219547934,0.7920454545454545,0.5438943576140401,0.2935039548506477,102,22,80,0.21568627450980393
10,1,0.02366616970658891,0.25750632100183385,0.9506172839506173,0.9507326007326007,0.9441624365482234,0.9538461538461539,0.9538461538461539,0.9489795918367347,0.9011351153423655,0.9476190476190476,0.9567307692307693,0.9441624365482234,0.9011791582400198,0.9892307692307691,0.986972454568017,0.0236661697065889,405,195,210,0.48148148148148145,0.7843137254901961,0.7142045454545455,0.5,0.5909090909090909,0.5909090909090909,0.5416666666666666,0.4019189765458422,0.8375,0.881578947368421,0.5,0.40431657145379674,0.7710227272727272,0.5627933151582173,0.2575063210018339,102,22,80,0.21568627450980393
11,1,0.005611845566628242,0.27997966052194423,0.9827160493827161,0.981193271507498,0.9737991266375546,0.9955357142857143,0.9955357142857143,0.9845474613686535,0.9649450372806746,0.9668508287292817,0.9943181818181818,0.9737991266375546,0.9652476727336351,0.9978048539857932,0.9980897284627183,0.0056118455666282424,405,224,181,0.5530864197530864,0.803921568627451,0.7431818181818182,0.5384615384615384,0.6363636363636364,0.6363636363636364,0.5833333333333334,0.45628997867803833,0.85,0.8947368421052632,0.5384615384615384,0.4590119166637268,0.790340909090909,0.5689409801444786,0.27997966052194423,102,22,80,0.21568627450980393
12,1,0.006281061130713359,0.38133820595140006,0.9901234567901235,0.9896373056994818,0.9814814814814815,1.0,1.0,0.9906542056074766,0.9801849405548216,0.9792746113989638,1.0,0.9814814814814815,0.9803774254709545,0.9959673477368266,0.9939475281194309,0.006281061130713359,405,212,193,0.5234567901234568,0.803921568627451,0.7102272727272727,0.5454545454545454,0.5454545454545454,0.5454545454545454,0.5454545454545454,0.4204545454545454,0.875,0.875,0.5454545454545454,0.42045454545454547,0.7443181818181818,0.5215792826530495,0.38133820595140006,102,22,80,0.21568627450980393
13,1,0.011223023944547992,0.3263663598600893,0.980246913580247,0.980566534914361,0.9656862745098039,0.9949494949494949,0.9949494949494949,0.9800995024875622,0.9605003291639236,0.966183574879227,0.9950248756218906,0.9656862745098039,0.9609220868232543,0.9931683989655004,0.9903159927591678,0.01122302394454799,405,198,207,0.4888888888888889,0.7549019607843137,0.7119318181818182,0.45161290322580644,0.6363636363636364,0.6363636363636364,0.5283018867924528,0.3691241959426026,0.7875,0.8873239436619719,0.45161290322580644,0.3790290284654709,0.759659090909091,0.5466867013877792,0.32636635986008933,102,22,80,0.21568627450980393
14,1,0.01138314003448137,0.3713454004411759,0.9753086419753086,0.9738888888888889,0.9694323144104804,0.9866666666666667,0.9866666666666667,0.9779735682819384,0.9498886414253898,0.9611111111111111,0.9829545454545454,0.9694323144104804,0.9500795238439937,0.9969135802469136,0.99740513014579,0.01138314003448137,405,225,180,0.5555555555555556,0.8235294117647058,0.7227272727272727,0.6,0.5454545454545454,0.5454545454545454,0.5714285714285714,0.46063454759106937,0.9,0.8780487804878049,0.6,0.46146397716105086,0.7528409090909091,0.5384534372703106,0.37134540044117603,102,22,80,0.21568627450980393
15,1,0.014473185510282725,0.41374522799223035,0.9728395061728395,0.9737259979479161,0.9507389162561576,0.9948453608247423,0.9948453608247423,0.9722921914357683,0.9456846417380914,0.95260663507109,0.995049504950495,0.9507389162561576,0.9466198431088433,0.9940391850295598,0.9928951038275591,0.014473185510282724,405,194,211,0.47901234567901235,0.803921568627451,0.6772727272727272,0.5555555555555556,0.45454545454545453,0.45454545454545453,0.5,0.3795620437956204,0.9,0.8571428571428571,0.5555555555555556,0.3825184261187248,0.7698863636363636,0.5567310391728667,0.41374522799223046,102,22,80,0.21568627450980393
16,1,0.0031521904844983967,0.3643474334510062,0.9901234567901235,0.9900725561329542,0.9907834101382489,0.9907834101382489,0.9907834101382489,0.9907834101382489,0.9801451122659084,0.9893617021276596,0.9893617021276596,0.9907834101382489,0.9801451122659084,0.9995832924796549,0.9996302711641645,0.0031521904844983985,405,217,188,0.5358024691358024,0.7941176470588235,0.7204545454545455,0.52,0.5909090909090909,0.5909090909090909,0.5531914893617021,0.4201407688142935,0.85,0.8831168831168831,0.52,0.42158972765613156,0.7732954545454545,0.5728788035163612,0.3643474334510062,102,22,80,0.21568627450980393
1,2,0.09102903610704137,0.05296121647763678,0.6864197530864198,0.6862099253403602,0.6802030456852792,0.6767676767676768,0.6767676767676768,0.6784810126582278,0.3724607444822664,0.6956521739130435,0.6923076923076923,0.6802030456852792,0.3724652915646065,0.781242375445274,0.7908644440055758,0.09102903610704137,405,198,207,0.4888888888888889,0.7843137254901961,0.8130681818181817,0.5,0.8636363636363636,0.8636363636363636,0.6333333333333333,0.4955035971223022,0.7625,0.953125,0.5,0.5326518936160156,0.875,0.6910770191655132,0.05296121647763678,102,22,80,0.21568627450980393
2,2,0.08090570704015591,0.06558481546674369,0.7777777777777778,0.7660869565217392,0.7777777777777778,0.8521739130434782,0.8521739130434782,0.8132780082987552,0.5402951191827469,0.68,0.7777777777777778,0.7777777777777778,0.543739067856121,0.8592795031055901,0.864056670974368,0.08090570704015591,405,230,175,0.5679012345679012,0.7549019607843137,0.7943181818181818,0.4634146341463415,0.8636363636363636,0.8636363636363636,0.6031746031746031,0.44829078321073124,0.725,0.9508196721311475,0.4634146341463415,0.49379487212871387,0.8698863636363636,0.7262020891366059,0.06558481546674369,102,22,80,0.21568627450980393
3,2,0.05141534154291757,0.07381666218520781,0.8592592592592593,0.8601529291053891,0.8341463414634146,0.8814432989690721,0.8814432989690721,0.8571428571428571,0.7186643105234294,0.8388625592417062,0.885,0.8341463414634146,0.719725866331721,0.9323789514828749,0.907136266838522,0.05141534154291757,405,194,211,0.47901234567901235,0.8627450980392157,0.8301136363636363,0.6538461538461539,0.7727272727272727,0.7727272727272727,0.7083333333333334,0.6194029850746268,0.8875,0.9342105263157895,0.6538461538461539,0.6230979522935169,0.8926136363636363,0.7089159992639918,0.07381666218520781,102,22,80,0.21568627450980393
4,2,0.04814016095084633,0.09713070034460455,0.8740740740740741,0.8681818181818182,0.8477366255144033,0.9363636363636364,0.9363636363636364,0.8898488120950324,0.7437185929648241,0.8,0.9135802469135802,0.8477366255144033,0.7487363091276263,0.9265601965601965,0.9222767675055807,0.04814016095084633,405,220,185,0.5432098765432098,0.8137254901960784,0.7659090909090909,0.5555555555555556,0.6818181818181818,0.6818181818181818,0.6122448979591837,0.49133858267716535,0.85,0.9066666666666666,0.5555555555555556,0.495800546407708,0.8642045454545455,0.7304044351577541,0.09713070034460455,102,22,80,0.21568627450980393
5,2,0.032262892364119264,0.15403292792893197,0.9111111111111111,0.9092739966800117,0.8744588744588745,0.9665071770334929,0.9665071770334929,0.9181818181818182,0.8214154479312119,0.8520408163265306,0.9597701149425287,0.8744588744588745,0.8263512965302825,0.9595498486475931,0.9559208054385323,0.03226289236411926,405,209,196,0.5160493827160494,0.696078431372549,0.7403409090909091,0.4,0.8181818181818182,0.8181818181818182,0.5373134328358209,0.3485784919653895,0.6625,0.9298245614035088,0.4,0.39817165878105804,0.8642045454545455,0.7234934088538001,0.15403292792893197,102,22,80,0.21568627450980393
6,2,0.03506305552806253,0.14129153003750025,0.9037037037037037,0.9035750865726967,0.8660714285714286,0.9556650246305419,0.9556650246305419,0.9086651053864169,0.8073569050261614,0.8514851485148515,0.9502762430939227,0.8660714285714286,0.8117358958007997,0.9693215626981417,0.9612880256979464,0.03506305552806251,405,203,202,0.5012345679012346,0.8431372549019608,0.7846590909090909,0.625,0.6818181818181818,0.6818181818181818,0.6521739130434783,0.5511551155115512,0.8875,0.9102564102564102,0.625,0.5520246428319177,0.8676136363636363,0.7313877744843462,0.14129153003750022,102,22,80,0.21568627450980393
7,2,0.03690003296824511,0.14436586145142064,0.9135802469135802,0.9136223967224308,0.8995215311004785,0.9306930693069307,0.9306930693069307,0.9148418491484185,0.8271741913459076,0.896551724137931,0.9285714285714286,0.8995215311004785,0.8276687679119776,0.9692727893479003,0.9643736793627242,0.03690003296824511,405,202,203,0.49876543209876545,0.8235294117647058,0.8051136363636364,0.5666666666666667,0.7727272727272727,0.7727272727272727,0.6538461538461539,0.5391566265060241,0.8375,0.9305555555555556,0.5666666666666667,0.550834422132514,0.8624999999999999,0.672763388482269,0.14436586145142064,102,22,80,0.21568627450980393
8,2,0.025596591754104846,0.16547495082451666,0.9432098765432099,0.9419014084507042,0.9279279279279279,0.9671361502347418,0.9671361502347418,0.9471264367816092,0.8858497849343774,0.9166666666666666,0.9617486338797814,0.9279279279279279,0.8867348258960023,0.9833724569640063,0.980692116265075,0.025596591754104843,405,213,192,0.5259259259259259,0.803921568627451,0.8090909090909091,0.5294117647058824,0.8181818181818182,0.8181818181818182,0.6428571428571429,0.5161290322580645,0.8,0.9411764705882353,0.5294117647058824,0.5393598899705937,0.8647727272727272,0.7251692931355583,0.16547495082451666,102,22,80,0.21568627450980393
9,2,0.017547143501168594,0.17005982141534906,0.9679012345679012,0.9679559088913817,0.9478672985781991,0.9900990099009901,0.9900990099009901,0.9685230024213075,0.935809122054108,0.9458128078817734,0.9896907216494846,0.9478672985781991,0.936734557379037,0.988148075891333,0.9846270407596648,0.0175471435011686,405,202,203,0.49876543209876545,0.8725490196078431,0.852840909090909,0.6666666666666666,0.8181818181818182,0.8181818181818182,0.7346938775510204,0.6519685039370078,0.8875,0.9466666666666667,0.6666666666666666,0.6578891865794587,0.8681818181818183,0.7212876107771264,0.170059821415349,102,22,80,0.21568627450980393
10,2,0.01572182991766041,0.18116055506953596,0.9604938271604938,0.9601405083670781,0.9439252336448598,0.9805825242718447,0.9805825242718447,0.9619047619047619,0.9209100229458576,0.9396984924623115,0.9790575916230366,0.9439252336448598,0.9216309309402022,0.9911694394301606,0.9908491216612524,0.01572182991766041,405,206,199,0.508641975308642,0.8333333333333334,0.8113636363636363,0.5862068965517241,0.7727272727272727,0.7727272727272727,0.6666666666666666,0.5583290881304126,0.85,0.9315068493150684,0.5862068965517241,0.5677979121281164,0.8556818181818182,0.7376037901470938,0.18116055506953593,102,22,80,0.21568627450980393
11,2,0.007936925846659356,0.24682761656085428,0.980246913580247,0.9800702541835391,0.9714285714285714,0.9902912621359223,0.9902912621359223,0.9807692307692307,0.9604685212298683,0.9698492462311558,0.9897435897435898,0.9714285714285714,0.9606561962825837,0.9963897155681319,0.9957490566375183,0.007936925846659355,405,206,199,0.508641975308642,0.7843137254901961,0.7636363636363637,0.5,0.7272727272727273,0.7272727272727273,0.5925925925925926,0.45268292682926825,0.8,0.9142857142857143,0.5,0.4673773191347206,0.8323863636363636,0.6831614872953324,0.2468276165608543,102,22,80,0.21568627450980393
12,2,0.010296468429256305,0.19491847252178274,0.9703703703703703,0.9708853963295587,0.9512195121951219,0.9898477157360406,0.9898477157360406,0.9701492537313433,0.9407606045831302,0.9519230769230769,0.99,0.9512195121951219,0.9414951120777144,0.9943869582194454,0.993627255704452,0.010296468429256304,405,197,208,0.48641975308641977,0.7941176470588235,0.7863636363636364,0.5151515151515151,0.7727272727272727,0.7727272727272727,0.6181818181818182,0.48484848484848486,0.8,0.927536231884058,0.5151515151515151,0.5035269069567828,0.8619318181818181,0.7425831710260478,0.19491847252178274,102,22,80,0.21568627450980393
13,2,0.017470043998568996,0.25528876645854914,0.9703703703703703,0.9697769953051643,0.9631336405529954,0.9812206572769953,0.9812206572769953,0.9720930232558139,0.940519900132178,0.9583333333333334,0.9787234042553191,0.9631336405529954,0.9407048129110975,0.9916617762128326,0.9877139679427309,0.017470043998569003,405,213,192,0.5259259259259259,0.8725490196078431,0.803409090909091,0.7142857142857143,0.6818181818181818,0.6818181818181818,0.6976744186046512,0.6169844020797226,0.925,0.9135802469135802,0.7142857142857143,0.6172523641108886,0.859090909090909,0.7301521883047082,0.25528876645854914,102,22,80,0.21568627450980393
14,2,0.008733558171450172,0.24115379643462742,0.9925925925925926,0.9927536231884058,0.9850746268656716,1.0,1.0,0.9924812030075187,0.9851827461310504,0.9855072463768116,1.0,0.9850746268656716,0.9852909128770311,0.9933879861416094,0.990260758353607,0.00873355817145017,405,198,207,0.4888888888888889,0.8431372549019608,0.8176136363636364,0.6071428571428571,0.7727272727272727,0.7727272727272727,0.68,0.578076525336091,0.8625,0.9324324324324325,0.6071428571428571,0.5854510565606142,0.8517045454545455,0.7069271703507715,0.24115379643462728,102,22,80,0.21568627450980393
15,2,0.009124865978944437,0.2327461010947168,0.9777777777777777,0.9773327464788732,0.9722222222222222,0.9859154929577465,0.9859154929577465,0.9790209790209791,0.9554013875123885,0.96875,0.9841269841269841,0.9722222222222222,0.9555069787914239,0.9952318075117371,0.9939232878153808,0.009124865978944435,405,213,192,0.5259259259259259,0.8627450980392157,0.8136363636363637,0.6666666666666666,0.7272727272727273,0.7272727272727273,0.6956521739130435,0.6072607260726073,0.9,0.9230769230769231,0.6666666666666666,0.6082187681501369,0.8823863636363637,0.7389901428442605,0.23274610109471663,102,22,80,0.21568627450980393
16,2,0.011312838432734866,0.28350782634834376,0.9728395061728395,0.9723295982776337,0.967741935483871,0.9813084112149533,0.9813084112149533,0.974477958236659,0.9454572166652383,0.9633507853403142,0.9787234042553191,0.967741935483871,0.945561836901972,0.9943729510202084,0.9936418724878117,0.011312838432734862,405,214,191,0.528395061728395,0.803921568627451,0.7431818181818182,0.5384615384615384,0.6363636363636364,0.6363636363636364,0.5833333333333334,0.45628997867803833,0.85,0.8947368421052632,0.5384615384615384,0.4590119166637268,0.8607954545454546,0.6779554154575951,0.28350782634834376,102,22,80,0.21568627450980393
1,3,0.0910721240344151,0.08942771693710769,0.7364532019704434,0.7336128326649654,0.7203389830508474,0.8056872037914692,0.8056872037914692,0.7606263982102909,0.46950787641958724,0.6615384615384615,0.7588235294117647,0.7203389830508474,0.4731564473686322,0.8177421314862073,0.8129866408347473,0.0910721240344151,406,211,195,0.5197044334975369,0.7326732673267327,0.743452380952381,0.42105263157894735,0.7619047619047619,0.7619047619047619,0.5423728813559322,0.37497134998854,0.725,0.9206349206349206,0.42105263157894735,0.40788392497929393,0.7892857142857144,0.5861418540655099,0.08942771693710769,101,21,80,0.2079207920792079
2,3,0.06909755199805356,0.11462540844510376,0.8472906403940886,0.8486394557823129,0.8130841121495327,0.8877551020408163,0.8877551020408163,0.848780487804878,0.6951508986096981,0.8095238095238095,0.8854166666666666,0.8130841121495327,0.6978895777843389,0.9152575315840622,0.8941585740931256,0.06909755199805358,406,196,210,0.4827586206896552,0.693069306930693,0.7008928571428572,0.375,0.7142857142857143,0.7142857142857143,0.4918032786885246,0.30127203749163134,0.6875,0.9016393442622951,0.375,0.3333912664332373,0.8005952380952381,0.5885331767620305,0.11462540844510376,101,21,80,0.2079207920792079
3,3,0.062011021797230816,0.14053051534219202,0.8645320197044335,0.8637820512820513,0.8493150684931506,0.8942307692307693,0.8942307692307693,0.8711943793911007,0.7285370419898368,0.8333333333333334,0.8823529411764706,0.8493150684931506,0.7296131706802866,0.9372814685314685,0.9436706395867683,0.0620110217972308,406,208,198,0.5123152709359606,0.7128712871287128,0.7133928571428572,0.39473684210526316,0.7142857142857143,0.7142857142857143,0.5084745762711864,0.32867293146917254,0.7125,0.9047619047619048,0.39473684210526316,0.35752172886326866,0.7577380952380952,0.5127148151396494,0.140530515342192,101,21,80,0.2079207920792079
4,3,0.04157239974376108,0.16846294716787158,0.9064039408866995,0.9055631200155612,0.8990825688073395,0.9245283018867925,0.9245283018867925,0.9116279069767442,0.812192627939816,0.8865979381443299,0.9148936170212766,0.8990825688073395,0.8125499634398117,0.9663246450106984,0.96528661500279,0.04157239974376108,406,212,194,0.5221674876847291,0.6732673267326733,0.7235119047619047,0.3695652173913043,0.8095238095238095,0.8095238095238095,0.5074626865671642,0.3106514994829368,0.6375,0.9272727272727272,0.3695652173913043,0.36427136702592094,0.7839285714285714,0.5396464664413292,0.16846294716787166,101,21,80,0.2079207920792079
5,3,0.050816216064090106,0.11054426835550682,0.9039408866995073,0.9058799111176227,0.87,0.93048128342246,0.93048128342246,0.8992248062015504,0.807657734263016,0.8812785388127854,0.9368932038834952,0.87,0.8093228550753362,0.9577808707542793,0.933296893097754,0.050816216064090126,406,187,219,0.4605911330049261,0.7425742574257426,0.7145833333333333,0.42424242424242425,0.6666666666666666,0.6666666666666666,0.5185185185185185,0.3544739429695182,0.7625,0.8970588235294118,0.42424242424242425,0.37133783203718906,0.7875,0.5417347904393329,0.11054426835550682,101,21,80,0.2079207920792079
6,3,0.028271896936081276,0.16428215646592895,0.9334975369458128,0.9334355529595015,0.927461139896373,0.9322916666666666,0.9322916666666666,0.9298701298701298,0.8666390909754496,0.9345794392523364,0.9389671361502347,0.927461139896373,0.8666496626988429,0.9798481308411215,0.9770973089669619,0.028271896936081276,406,192,214,0.4729064039408867,0.7128712871287128,0.7133928571428572,0.39473684210526316,0.7142857142857143,0.7142857142857143,0.5084745762711864,0.32867293146917254,0.7125,0.9047619047619048,0.39473684210526316,0.35752172886326866,0.7982142857142858,0.5730654235897223,0.16428215646592897,101,21,80,0.2079207920792079
7,3,0.021425261447869933,0.19323066669911812,0.9556650246305419,0.9570136852394917,0.9329896907216495,0.9731182795698925,0.9731182795698925,0.9526315789473684,0.9109996102883866,0.9409090909090909,0.9764150943396226,0.9329896907216495,0.911713148084725,0.9855571847507332,0.9747083592633493,0.02142526144786994,406,186,220,0.458128078817734,0.7623762376237624,0.7270833333333333,0.45161290322580644,0.6666666666666666,0.6666666666666666,0.5384615384615384,0.38632911392405067,0.7875,0.9,0.45161290322580644,0.3996133884331877,0.8136904761904762,0.5335113937298952,0.19323066669911812,101,21,80,0.2079207920792079
8,3,0.025513157440242244,0.2313532645239933,0.9556650246305419,0.9575989032510772,0.9278350515463918,0.9782608695652174,0.9782608695652174,0.9523809523809523,0.9109605731273454,0.9369369369369369,0.9811320754716981,0.9278350515463918,0.912077146314675,0.9760820603211907,0.9579353172226598,0.025513157440242233,406,184,222,0.45320197044334976,0.7722772277227723,0.6982142857142857,0.46153846153846156,0.5714285714285714,0.5714285714285714,0.5106382978723404,0.3644322845417237,0.825,0.88,0.46153846153846156,0.3679614169931467,0.7613095238095239,0.431213404845656,0.23135326452399324,101,21,80,0.2079207920792079
9,3,0.016093831197440768,0.19914446379435172,0.9630541871921182,0.9618696635773188,0.9459459459459459,0.9859154929577465,0.9859154929577465,0.9655172413793104,0.9257661083887955,0.9378238341968912,0.9836956521739131,0.9459459459459459,0.9266857635370259,0.989831910287285,0.9893154135860719,0.01609383119744076,406,213,193,0.5246305418719212,0.6732673267326733,0.7059523809523809,0.36363636363636365,0.7619047619047619,0.7619047619047619,0.49230769230769234,0.29340682637269455,0.65,0.9122807017543859,0.36363636363636365,0.33712246013168173,0.7666666666666666,0.45410225507665614,0.19914446379435172,101,21,80,0.2079207920792079
10,3,0.015101618821509998,0.27337807939691844,0.9482758620689655,0.9441497851442603,0.9285714285714286,0.9822222222222222,0.9822222222222222,0.9546436285097192,0.8945819629565518,0.9060773480662984,0.9761904761904762,0.9285714285714286,0.8964929510115645,0.992608962553714,0.9939210465588484,0.015101618821509993,406,225,181,0.5541871921182266,0.8217821782178217,0.7294642857142857,0.5714285714285714,0.5714285714285714,0.5714285714285714,0.5714285714285714,0.45892857142857146,0.8875,0.8875,0.5714285714285714,0.4589285714285714,0.8095238095238095,0.4704067755202384,0.2733780793969185,101,21,80,0.2079207920792079
11,3,0.02042023960371351,0.3119108815637531,0.9679802955665024,0.9682106183089361,0.9558823529411765,0.9798994974874372,0.9798994974874372,0.967741935483871,0.9359668065901536,0.9565217391304348,0.9801980198019802,0.9558823529411765,0.9362507891680868,0.9912120991430583,0.9900899296273918,0.020420239603713503,406,199,207,0.49014778325123154,0.7821782178217822,0.669345238095238,0.47619047619047616,0.47619047619047616,0.47619047619047616,0.47619047619047616,0.3386904761904762,0.8625,0.8625,0.47619047619047616,0.3386904761904762,0.819047619047619,0.5042641789626645,0.31191088156375313,101,21,80,0.2079207920792079
12,3,0.008639702058305011,0.31024253812142155,0.9679802955665024,0.9680277068902661,0.9642857142857143,0.9692307692307692,0.9692307692307692,0.9667519181585678,0.9358734478652833,0.966824644549763,0.9714285714285714,0.9642857142857143,0.9358848342048507,0.9973022238425082,0.9970435647584389,0.008639702058305013,406,195,211,0.4802955665024631,0.7425742574257426,0.6794642857142856,0.41379310344827586,0.5714285714285714,0.5714285714285714,0.48,0.31471816283924836,0.7875,0.875,0.41379310344827586,0.3219566679836175,0.7755952380952381,0.4434891242859367,0.3102425381214215,101,21,80,0.2079207920792079
13,3,0.014007178147862122,0.22399253710162365,0.9729064039408867,0.9723436285936287,0.9539170506912442,0.9951923076923077,0.9951923076923077,0.9741176470588235,0.9457206057512336,0.9494949494949495,0.9947089947089947,0.9539170506912442,0.9466546027593941,0.9923756798756799,0.9905431411739998,0.014007178147862126,406,208,198,0.5123152709359606,0.7920792079207921,0.7107142857142856,0.5,0.5714285714285714,0.5714285714285714,0.5333333333333333,0.4003392705682782,0.85,0.8831168831168831,0.5,0.40181637689635674,0.8357142857142857,0.515955039821684,0.22399253710162365,101,21,80,0.2079207920792079
14,3,0.0060448807583932075,0.3113294401893203,0.9778325123152709,0.9770979361370716,0.9680365296803652,0.9906542056074766,0.9906542056074766,0.9792147806004619,0.9554748616966832,0.9635416666666666,0.9893048128342246,0.9680365296803652,0.9557673134109622,0.9986614096573209,0.9987973176653311,0.0060448807583932075,406,214,192,0.5270935960591133,0.801980198019802,0.6642857142857143,0.5294117647058824,0.42857142857142855,0.42857142857142855,0.47368421052631576,0.353393085787452,0.9,0.8571428571428571,0.5294117647058824,0.35638575213064944,0.8291666666666666,0.4874537736973179,0.3113294401893203,101,21,80,0.2079207920792079
15,3,0.014195147641233261,0.491024141298542,0.9926108374384236,0.9927387914230019,0.9895287958115183,0.9947368421052631,0.9947368421052631,0.9921259842519685,0.9851655177453535,0.9907407407407407,0.9953488372093023,0.9895287958115183,0.9851775622640073,0.9942738791423003,0.9911796047308296,0.014195147641233268,406,190,216,0.46798029556650245,0.7722772277227723,0.6104166666666666,0.4375,0.3333333333333333,0.3333333333333333,0.3783783783783784,0.24208809135399678,0.8875,0.8352941176470589,0.4375,0.24544252751657666,0.7321428571428571,0.39429632178763124,0.491024141298542,101,21,80,0.2079207920792079
16,3,0.005270238359857362,0.3368637520911985,0.9852216748768473,0.9850912975912975,0.9897959183673469,0.9797979797979798,0.9797979797979798,0.9847715736040609,0.9704182250935056,0.9903846153846154,0.9809523809523809,0.9897959183673469,0.9704654060310982,0.9995143745143745,0.9994949559407846,0.005270238359857362,406,198,208,0.4876847290640394,0.7722772277227723,0.7157738095238095,0.4642857142857143,0.6190476190476191,0.6190476190476191,0.5306122448979592,0.3843095679830373,0.8125,0.8904109589041096,0.4642857142857143,0.3912397024832474,0.7732142857142856,0.4181699247707215,0.3368637520911985,101,21,80,0.2079207920792079
1,4,0.10524153120430889,0.05226472006668899,0.7142857142857143,0.711021505376344,0.6944444444444444,0.6720430107526881,0.6720430107526881,0.6830601092896175,0.42309765299622715,0.75,0.7300884955752213,0.6944444444444444,0.42328614455187413,0.7839442815249267,0.7572719635367471,0.10524153120430889,406,186,220,0.458128078817734,0.7920792079207921,0.7633928571428572,0.5,0.7142857142857143,0.7142857142857143,0.5882352941176471,0.4548959136468774,0.8125,0.9154929577464789,0.5,0.467841591275469,0.8505952380952382,0.6663401741732224,0.05226472006668899,101,21,80,0.2079207920792079
2,4,0.05945383200593386,0.13285895218036084,0.7906403940886699,0.7856480577786453,0.7782426778242678,0.8532110091743119,0.8532110091743119,0.8140043763676149,0.5757210651847845,0.7180851063829787,0.8083832335329342,0.7782426778242678,0.5789102732234288,0.884027913332032,0.8946230604051805,0.05945383200593386,406,218,188,0.5369458128078818,0.8316831683168316,0.6654761904761904,0.6666666666666666,0.38095238095238093,0.38095238095238093,0.48484848484848486,0.39307175680452466,0.95,0.8539325842696629,0.6666666666666666,0.41508259614130333,0.8339285714285715,0.5888766033333805,0.1328589521803608,101,21,80,0.2079207920792079
3,4,0.07200544101199698,0.08899275989142155,0.8399014778325123,0.8377321603128054,0.8444444444444444,0.8636363636363636,0.8636363636363636,0.8539325842696629,0.6768703318231909,0.8118279569892473,0.8342541436464088,0.8444444444444444,0.6770795231834659,0.9146627565982404,0.9158622916311143,0.07200544101199698,406,220,186,0.541871921182266,0.7326732673267327,0.743452380952381,0.42105263157894735,0.7619047619047619,0.7619047619047619,0.5423728813559322,0.37497134998854,0.725,0.9206349206349206,0.42105263157894735,0.40788392497929393,0.8369047619047619,0.6379224251233147,0.08899275989142155,101,21,80,0.2079207920792079
4,4,0.05446574271292188,0.08467125163724877,0.8719211822660099,0.8729331547546573,0.845771144278607,0.8900523560209425,0.8900523560209425,0.8673469387755102,0.7436930921451985,0.8558139534883721,0.8975609756097561,0.845771144278607,0.7445981365816521,0.9402654328503592,0.9288056811973765,0.05446574271292188,406,191,215,0.47044334975369456,0.801980198019802,0.8047619047619048,0.5151515151515151,0.8095238095238095,0.8095238095238095,0.6296296296296297,0.503441494591937,0.8,0.9411764705882353,0.5151515151515151,0.5273924271929009,0.8922619047619047,0.7482452488200018,0.08467125163724877,101,21,80,0.2079207920792079
5,4,0.05018972303569936,0.09158990932934821,0.8866995073891626,0.8866995073891626,0.8617511520737328,0.9211822660098522,0.9211822660098522,0.8904761904761904,0.7733990147783252,0.8522167487684729,0.9153439153439153,0.8617511520737328,0.7752448384413179,0.9467349365429882,0.9352481181016175,0.05018972303569936,406,203,203,0.5,0.801980198019802,0.7696428571428571,0.5172413793103449,0.7142857142857143,0.7142857142857143,0.6,0.47286012526096033,0.825,0.9166666666666666,0.5172413793103449,0.48373588920921634,0.8547619047619047,0.6440962877481493,0.09158990932934821,101,21,80,0.2079207920792079
6,4,0.02361962147739611,0.1230325131985475,0.9211822660098522,0.921034750533877,0.8981481481481481,0.9509803921568627,0.9509803921568627,0.9238095238095239,0.84231478784348,0.8910891089108911,0.9473684210526315,0.8981481481481481,0.8437912748846242,0.9785963890506698,0.9776076306937886,0.023619621477396113,406,204,202,0.5024630541871922,0.8316831683168316,0.7708333333333333,0.5833333333333334,0.6666666666666666,0.6666666666666666,0.6222222222222222,0.5145603618886061,0.875,0.9090909090909091,0.5833333333333334,0.5164589025080292,0.8767857142857143,0.7229616235348666,0.12303251319854748,101,21,80,0.2079207920792079
7,4,0.013945101146462538,0.13794391386227933,0.9532019704433498,0.950755064456722,0.9439655172413793,0.9733333333333334,0.9733333333333334,0.9584245076586433,0.9049320943531094,0.9281767955801105,0.9655172413793104,0.9439655172413793,0.9054876691422653,0.9898588090853284,0.9906817827916458,0.013945101146462536,406,225,181,0.5541871921182266,0.8217821782178217,0.7821428571428571,0.5555555555555556,0.7142857142857143,0.7142857142857143,0.625,0.5105008077544426,0.85,0.918918918918919,0.5555555555555556,0.5174351821621407,0.8672619047619048,0.6955872591165377,0.13794391386227933,101,21,80,0.2079207920792079
8,4,0.016465473266088652,0.15164931710318816,0.9605911330049262,0.9591727101799623,0.9511111111111111,0.9771689497716894,0.9771689497716894,0.963963963963964,0.9205032185427222,0.9411764705882353,0.9723756906077348,0.9511111111111111,0.9209125230559828,0.986569970453935,0.9841642283377444,0.016465473266088652,406,219,187,0.5394088669950738,0.801980198019802,0.7345238095238096,0.52,0.6190476190476191,0.6190476190476191,0.5652173913043478,0.4382647385984427,0.85,0.8947368421052632,0.52,0.44105705789705035,0.8446428571428571,0.6204668532057898,0.15164931710318819,101,21,80,0.2079207920792079
9,4,0.0172356489978488,0.18842580546847415,0.9630541871921182,0.9632281553398059,0.9512195121951219,0.975,0.975,0.9629629629629629,0.9261191313842048,0.9514563106796117,0.9751243781094527,0.9512195121951219,0.9264000987867904,0.9900970873786408,0.9867578541392584,0.017235648997848806,406,200,206,0.49261083743842365,0.7326732673267327,0.7258928571428571,0.4166666666666667,0.7142857142857143,0.7142857142857143,0.5263157894736842,0.3575971731448764,0.7375,0.9076923076923077,0.4166666666666667,0.38280641441301755,0.825,0.6072773463164014,0.1884258054684741,101,21,80,0.2079207920792079
10,4,0.018312306382280593,0.14703924443507244,0.9507389162561576,0.9496598639455782,0.9279279279279279,0.9809523809523809,0.9809523809523809,0.9537037037037037,0.9011588275391956,0.9183673469387755,0.9782608695652174,0.9279279279279279,0.9027477293128738,0.9862001943634597,0.9853658075827023,0.01831230638228059,406,210,196,0.5172413793103449,0.8514851485148515,0.7833333333333333,0.6363636363636364,0.6666666666666666,0.6666666666666666,0.6511627906976745,0.5568879789412109,0.9,0.9113924050632911,0.6363636363636364,0.5571311247291122,0.8678571428571429,0.6741082428751284,0.1470392444350724,101,21,80,0.2079207920792079
11,4,0.01407436829420503,0.19567580307370977,0.9556650246305419,0.9559849313403816,0.9447236180904522,0.9641025641025641,0.9641025641025641,0.9543147208121827,0.9112611409281881,0.9478672985781991,0.966183574879227,0.9447236180904522,0.9114383729509515,0.9912747599951391,0.9897599157635177,0.014074368294205022,406,195,211,0.4802955665024631,0.7821782178217822,0.7395833333333333,0.4827586206896552,0.6666666666666666,0.6666666666666666,0.56,0.42014613778705634,0.8125,0.9027777777777778,0.4827586206896552,0.4298094821340167,0.8351190476190476,0.6712467476688535,0.19567580307370977,101,21,80,0.2079207920792079
12,4,0.008158537102622482,0.15834965056153052,0.9778325123152709,0.9778325123152709,0.970873786407767,0.9852216748768473,0.9852216748768473,0.9779951100244498,0.9556650246305418,0.9704433497536946,0.985,0.970873786407767,0.9557693998193644,0.9969666820354777,0.9968289506357658,0.008158537102622484,406,203,203,0.5,0.8514851485148515,0.8184523809523809,0.6153846153846154,0.7619047619047619,0.7619047619047619,0.6808510638297872,0.585499316005472,0.875,0.9333333333333333,0.6153846153846154,0.591169243517518,0.8833333333333333,0.7188137154942882,0.1583496505615306,101,21,80,0.2079207920792079
13,4,0.01696088299891414,0.16445622271044663,0.9753694581280788,0.9763677959501558,0.955,0.9947916666666666,0.9947916666666666,0.9744897959183674,0.9506994365649893,0.9579439252336449,0.9951456310679612,0.955,0.9514397302020917,0.9917980919003115,0.9882488128546252,0.016960882998914135,406,192,214,0.4729064039408867,0.8118811881188119,0.7758928571428572,0.5357142857142857,0.7142857142857143,0.7142857142857143,0.6122448979591837,0.49138616485555253,0.8375,0.9178082191780822,0.5357142857142857,0.5002471782096143,0.8535714285714285,0.6528268977521607,0.16445622271044663,101,21,80,0.2079207920792079
14,4,0.017910725635699468,0.23935066093526994,0.9605911330049262,0.9586510263929618,0.9473684210526315,0.9818181818181818,0.9818181818181818,0.9642857142857143,0.9203609258532758,0.9354838709677419,0.9775280898876404,0.9473684210526315,0.921091454796998,0.9889296187683284,0.986981737307069,0.017910725635699475,406,220,186,0.541871921182266,0.8316831683168316,0.700595238095238,0.625,0.47619047619047616,0.47619047619047616,0.5405405405405406,0.43980424143556285,0.925,0.8705882352941177,0.625,0.44589828449103147,0.8345238095238096,0.6542823735014092,0.23935066093527008,101,21,80,0.2079207920792079
15,4,0.009624649752441662,0.22349030004876738,0.9729064039408867,0.9739349294045427,0.956989247311828,0.9834254143646409,0.9834254143646409,0.9700272479564033,0.9453165176931554,0.9644444444444444,0.9863636363636363,0.956989247311828,0.9456086741652732,0.9943032535297728,0.986090391154434,0.009624649752441665,406,181,225,0.4458128078817734,0.7821782178217822,0.7395833333333333,0.4827586206896552,0.6666666666666666,0.6666666666666666,0.56,0.42014613778705634,0.8125,0.9027777777777778,0.4827586206896552,0.4298094821340167,0.8172619047619047,0.6222444477484383,0.22349030004876747,101,21,80,0.2079207920792079
16,4,0.005425835525049026,0.2246534838672733,0.9852216748768473,0.9846427180685359,0.9770642201834863,0.9953271028037384,0.9953271028037384,0.9861111111111112,0.9703245297729266,0.9739583333333334,0.9946808510638298,0.9770642201834863,0.9705144744917535,0.9981016355140188,0.9981565253893797,0.005425835525049031,406,214,192,0.5270935960591133,0.8514851485148515,0.7657738095238096,0.65,0.6190476190476191,0.6190476190476191,0.6341463414634146,0.541048167222054,0.9125,0.9012345679012346,0.65,0.5413015999465034,0.8809523809523809,0.724071495378722,0.22465348386727352,101,21,80,0.2079207920792079
1,5,0.09792186710246163,0.08142500328505217,0.7413793103448276,0.7410192757009346,0.7230769230769231,0.734375,0.734375,0.7286821705426356,0.48165171080469826,0.7476635514018691,0.7582938388625592,0.7230769230769231,0.4817045409506973,0.8031542056074765,0.780562762529108,0.09792186710246163,406,192,214,0.4729064039408867,0.8118811881188119,0.7758928571428572,0.5357142857142857,0.7142857142857143,0.7142857142857143,0.6122448979591837,0.49138616485555253,0.8375,0.9178082191780822,0.5357142857142857,0.5002471782096143,0.8077380952380953,0.6256425053062209,0.08142500328505217,101,21,80,0.2079207920792079
2,5,0.06828371347489023,0.09253118067180488,0.8448275862068966,0.8467877811149367,0.806930693069307,0.8716577540106952,0.8716577540106952,0.8380462724935732,0.6895346296700895,0.821917808219178,0.8823529411764706,0.806930693069307,0.6914262680560129,0.9097257832149049,0.8772631295165507,0.06828371347489023,406,187,219,0.4605911330049261,0.7128712871287128,0.7309523809523809,0.4,0.7619047619047619,0.7619047619047619,0.5245901639344263,0.34635126087926804,0.7,0.9180327868852459,0.4,0.3832764781513958,0.7797619047619048,0.5779533393720859,0.09253118067180488,101,21,80,0.2079207920792079
3,5,0.043305326395652294,0.11936890642534398,0.8866995073891626,0.8877551020408163,0.8571428571428571,0.9183673469387755,0.9183673469387755,0.8866995073891626,0.7736681370885646,0.8571428571428571,0.9183673469387755,0.8571428571428571,0.7755102040816326,0.9536443148688047,0.9516315369630021,0.043305326395652294,406,196,210,0.4827586206896552,0.8316831683168316,0.7181547619047619,0.6111111111111112,0.5238095238095238,0.5238095238095238,0.5641025641025641,0.46057178762174045,0.9125,0.8795180722891566,0.6111111111111112,0.4626728708022833,0.8321428571428571,0.625901920220391,0.11936890642534397,101,21,80,0.2079207920792079
4,5,0.06355439792855706,0.08282011692704809,0.8399014778325123,0.835979544624376,0.8151260504201681,0.9023255813953488,0.9023255813953488,0.8565121412803532,0.6765059207139179,0.7696335078534031,0.875,0.8151260504201681,0.6809819911768404,0.9189577499086814,0.9057990310182951,0.06355439792855708,406,215,191,0.5295566502463054,0.7623762376237624,0.6919642857142857,0.4444444444444444,0.5714285714285714,0.5714285714285714,0.5,0.34733441033925694,0.8125,0.8783783783783784,0.4444444444444444,0.35205241824322864,0.831547619047619,0.6263482235704723,0.08282011692704809,101,21,80,0.2079207920792079
5,5,0.04034824247432854,0.11701352453174596,0.896551724137931,0.8944464698019201,0.8658008658008658,0.9478672985781991,0.9478672985781991,0.9049773755656109,0.7919726729291204,0.841025641025641,0.9371428571428572,0.8658008658008658,0.7958873248956319,0.9546481954064893,0.9463335204967959,0.04034824247432855,406,211,195,0.5197044334975369,0.8118811881188119,0.7232142857142857,0.5454545454545454,0.5714285714285714,0.5714285714285714,0.5581395348837209,0.43872477332553383,0.875,0.8860759493670886,0.5454545454545454,0.4389163272550779,0.8553571428571429,0.6703040939847538,0.11701352453174596,101,21,80,0.2079207920792079
6,5,0.03344926106897675,0.12710019731905417,0.9113300492610837,0.9084307992202729,0.8879310344827587,0.9537037037037037,0.9537037037037037,0.9196428571428571,0.8210227272727273,0.8631578947368421,0.9425287356321839,0.8879310344827587,0.8236326215350265,0.9663499025341131,0.963372952461713,0.03344926106897674,406,216,190,0.5320197044334976,0.7821782178217822,0.7395833333333333,0.4827586206896552,0.6666666666666666,0.6666666666666666,0.56,0.42014613778705634,0.8125,0.9027777777777778,0.4827586206896552,0.4298094821340167,0.8267857142857143,0.6274480625088945,0.12710019731905414,101,21,80,0.2079207920792079
7,5,0.025767324056096316,0.1604229868997205,0.9285714285714286,0.9272271931530831,0.9103139013452914,0.9575471698113207,0.9575471698113207,0.9333333333333333,0.8565161227424505,0.8969072164948454,0.9508196721311475,0.9103139013452914,0.8577874789552752,0.9718926278934059,0.965112065637021,0.025767324056096302,406,212,194,0.5221674876847291,0.801980198019802,0.7520833333333333,0.5185185185185185,0.6666666666666666,0.6666666666666666,0.5833333333333334,0.4561120086160474,0.8375,0.9054054054054054,0.5185185185185185,0.46230759418917,0.8220238095238095,0.670280107134946,0.16042298689972048,101,21,80,0.2079207920792079
8,5,0.016510922807344487,0.29856418923373984,0.9507389162561576,0.9514374514374515,0.9238095238095239,0.9797979797979798,0.9797979797979798,0.9509803921568627,0.9015614392396469,0.9230769230769231,0.9795918367346939,0.9238095238095239,0.9031380933491929,0.9892676767676768,0.9856278426250334,0.01651092280734449,406,198,208,0.4876847290640394,0.8514851485148515,0.6955357142857143,0.75,0.42857142857142855,0.42857142857142855,0.5454545454545454,0.46447507953340406,0.9625,0.8651685393258427,0.75,0.49048429076409406,0.8380952380952381,0.682771237329622,0.2985641892337399,101,21,80,0.2079207920792079
9,5,0.017797823687837375,0.23498611446484163,0.9679802955665024,0.9675728155339806,0.9447004608294931,0.9951456310679612,0.9951456310679612,0.9692671394799054,0.935895255908859,0.94,0.9947089947089947,0.9447004608294931,0.9372751186982128,0.9833252427184467,0.9763172022400616,0.017797823687837375,406,206,200,0.5073891625615764,0.7722772277227723,0.6982142857142857,0.46153846153846156,0.5714285714285714,0.5714285714285714,0.5106382978723404,0.3644322845417237,0.825,0.88,0.46153846153846156,0.3679614169931467,0.8107142857142857,0.6195822882610118,0.23498611446484163,101,21,80,0.2079207920792079
10,5,0.011327049997669645,0.36871647456894463,0.9778325123152709,0.9781434722323579,0.9693877551020408,0.9844559585492227,0.9844559585492227,0.9768637532133676,0.9555895865237366,0.971830985915493,0.9857142857142858,0.9693877551020408,0.9556943090048508,0.993894281057676,0.9864287445505608,0.011327049997669652,406,193,213,0.4753694581280788,0.8613861386138614,0.736904761904762,0.7333333333333333,0.5238095238095238,0.5238095238095238,0.6111111111111112,0.5296074517631404,0.95,0.8837209302325582,0.7333333333333333,0.5407089668063508,0.8261904761904761,0.6451123258388454,0.36871647456894463,101,21,80,0.2079207920792079
11,5,0.014475293175309779,0.43736225303992926,0.9778325123152709,0.9777090158961291,0.9666666666666667,0.9902439024390244,0.9902439024390244,0.9783132530120482,0.9556499575191164,0.9651741293532339,0.9897959183673469,0.9666666666666667,0.9559401657405826,0.9901953646402135,0.985803765014049,0.014475293175309783,406,205,201,0.5049261083743842,0.8514851485148515,0.6779761904761905,0.8,0.38095238095238093,0.38095238095238093,0.5161290322580645,0.44116562154186645,0.975,0.8571428571428571,0.8,0.48364404744176304,0.8369047619047618,0.6533336015944324,0.4373622530399291,101,21,80,0.2079207920792079
12,5,0.009297002452938624,0.41678787549772833,0.9852216748768473,0.9853130386230671,0.9800995024875622,0.9899497487437185,0.9899497487437185,0.985,0.9704376107376035,0.9806763285024155,0.9902439024390244,0.9800995024875622,0.9704847307946426,0.996237224771199,0.9949415149877682,0.009297002452938624,406,199,207,0.49014778325123154,0.8514851485148515,0.7306547619047619,0.6875,0.5238095238095238,0.5238095238095238,0.5945945945945946,0.5057096247960848,0.9375,0.8823529411764706,0.6875,0.5127168701491831,0.8363095238095237,0.6628650502723981,0.4167878754977284,101,21,80,0.2079207920792079
13,5,0.021294269338169133,0.2884109964932031,0.958128078817734,0.957480506822612,0.954337899543379,0.9675925925925926,0.9675925925925926,0.960919540229885,0.9158313211872882,0.9473684210526315,0.9625668449197861,0.954337899543379,0.9159323634472869,0.9900828460038986,0.9873529145294938,0.02129426933816912,406,216,190,0.5320197044334976,0.8316831683168316,0.7708333333333333,0.5833333333333334,0.6666666666666666,0.6666666666666666,0.6222222222222222,0.5145603618886061,0.875,0.9090909090909091,0.5833333333333334,0.5164589025080292,0.8529761904761906,0.7001553185877218,0.2884109964932032,101,21,80,0.2079207920792079
14,5,0.006290626487528324,0.39777939600485196,0.9852216748768473,0.9854101424999393,0.9753694581280788,0.9949748743718593,0.9949748743718593,0.9850746268656716,0.9704433497536946,0.9758454106280193,0.9950738916256158,0.9753694581280788,0.9706317990794031,0.9979850945549001,0.9977996986797858,0.00629062648752832,406,199,207,0.49014778325123154,0.8613861386138614,0.736904761904762,0.7333333333333333,0.5238095238095238,0.5238095238095238,0.6111111111111112,0.5296074517631404,0.95,0.8837209302325582,0.7333333333333333,0.5407089668063508,0.831547619047619,0.6284424114612741,0.39777939600485207,101,21,80,0.2079207920792079
15,5,0.00411687412305911,0.4284940134423202,0.9876847290640394,0.987455371238433,0.9811320754716981,0.9952153110047847,0.9952153110047847,0.9881235154394299,0.9753371400801847,0.9796954314720813,0.9948453608247423,0.9811320754716981,0.9754439435766828,0.9995142447720593,0.9995497742212154,0.004116874123059113,406,209,197,0.5147783251231527,0.8316831683168316,0.7181547619047619,0.6111111111111112,0.5238095238095238,0.5238095238095238,0.5641025641025641,0.46057178762174045,0.9125,0.8795180722891566,0.6111111111111112,0.4626728708022833,0.8267857142857143,0.6388018639451536,0.42849401344232035,101,21,80,0.2079207920792079
16,5,0.008304853979849099,0.40326894210565345,0.9753694581280788,0.9752699915058852,0.9665071770334929,0.9853658536585366,0.9853658536585366,0.9758454106280193,0.9507245673228633,0.9651741293532339,0.9847715736040609,0.9665071770334929,0.9509092950804922,0.9966751607814586,0.9962778947203634,0.008304853979849095,406,205,201,0.5049261083743842,0.8514851485148515,0.7657738095238096,0.65,0.6190476190476191,0.6190476190476191,0.6341463414634146,0.541048167222054,0.9125,0.9012345679012346,0.65,0.5413015999465034,0.8214285714285715,0.6205555494361235,0.4032689421056535,101,21,80,0.2079207920792079
